RestaurantID,Name,City,Capacity,WorkingHours
1,Brainbox,Roanoke,31,9:00 AM - 5:00 PM
2,Riffpedia,Belung Satu,36,8:00 AM - 4:30 PM
3,Centidel,Shuangtian,43,9:00 AM - 5:00 PM
4,Shufflebeat,Burbank,45,8:00 AM - 4:30 PM
5,JumpXS,Melun,49,10:00 AM - 6:30 PM
6,Twitterlist,Basel,47,11:30 AM - 8:00 PM
7,Zoonder,Sémbé,15,11:30 AM - 8:00 PM
8,Feedspan,Carhuac,47,12:00 PM - 9:00 PM
9,Buzzbean,Kítsi,35,9:00 AM - 5:00 PM
10,Youspan,Campos Sales,41,8:00 AM - 4:30 PM
11,Zooxo,Qingjiangqiao,34,9:00 AM - 5:00 PM
12,Vipe,Tianzhou,34,11:30 AM - 8:00 PM
13,Photojam,Aţ Ţafīlah,47,11:30 AM - 8:00 PM
14,Fivechat,Qindu,42,11:30 AM - 8:00 PM
15,Livefish,Utrecht (stad),22,12:00 PM - 9:00 PM
16,Skidoo,Urozhaynoye,39,9:00 AM - 5:00 PM
17,Eadel,Ad Dabbah,12,9:00 AM - 5:00 PM
18,Riffpath,Karvia,40,9:00 AM - 5:00 PM
19,Einti,Jönköping,41,10:00 AM - 6:30 PM
20,Quaxo,Poponcol,22,11:30 AM - 8:00 PM
21,Skinte,Miskolc,21,10:00 AM - 6:30 PM
22,Devshare,Belo Jardim,23,8:00 AM - 4:30 PM
23,Livetube,Serowe,37,10:00 AM - 6:30 PM
24,Yombu,Torbat-e Jām,10,12:00 PM - 9:00 PM
25,Zooxo,Zipárion,14,9:00 AM - 5:00 PM
26,Skipfire,Lleida,25,10:00 AM - 6:30 PM
27,Kwimbee,Linjiang,35,8:00 AM - 4:30 PM
28,Demivee,Železnice,27,9:00 AM - 5:00 PM
29,Aimbo,Cacequi,26,12:00 PM - 9:00 PM
30,Skiptube,Qionghu,25,10:00 AM - 6:30 PM
31,Shufflester,Komsomolets,18,9:00 AM - 5:00 PM
32,Skalith,Tpig,27,10:00 AM - 6:30 PM
33,Dynabox,Markušica,23,9:00 AM - 5:00 PM
34,Flashpoint,Bendo,29,10:00 AM - 6:30 PM
35,Topicshots,Fajsławice,11,11:30 AM - 8:00 PM
36,Skaboo,Montinho,27,11:30 AM - 8:00 PM
37,Ozu,Duobao,24,11:30 AM - 8:00 PM
38,Thoughtstorm,Bugo,33,10:00 AM - 6:30 PM
39,Nlounge,Daying,31,11:30 AM - 8:00 PM
40,Oyondu,Kumbo,47,11:30 AM - 8:00 PM
41,Gabcube,Zhigulevsk,17,11:30 AM - 8:00 PM
42,Blogpad,Bartica,24,8:00 AM - 4:30 PM
43,Tambee,Cariaco,35,10:00 AM - 6:30 PM
44,Eayo,Hancheng,38,12:00 PM - 9:00 PM
45,Dabfeed,Manchester,42,9:00 AM - 5:00 PM
46,Youspan,Businovo,45,9:00 AM - 5:00 PM
47,Fiveclub,Karviná,16,11:30 AM - 8:00 PM
48,Kwilith,Monastyrishche,50,9:00 AM - 5:00 PM
49,Jaxbean,Paupanda Bawah,14,12:00 PM - 9:00 PM
50,Quimm,Kaulon,16,12:00 PM - 9:00 PM
51,Buzzdog,Mtsensk,22,11:30 AM - 8:00 PM
52,Youfeed,Huxingshan,17,9:00 AM - 5:00 PM
53,Feedmix,Lemland,29,11:30 AM - 8:00 PM
54,Skyble,San Juan,36,11:30 AM - 8:00 PM
55,Yata,Lavandeira,50,8:00 AM - 4:30 PM
56,Thoughtbridge,Jackson,19,12:00 PM - 9:00 PM
57,Yamia,Neryungri,36,8:00 AM - 4:30 PM
58,Skyba,Bisée,39,10:00 AM - 6:30 PM
59,Avamba,Wailang,21,8:00 AM - 4:30 PM
60,Skivee,Jacareí,18,10:00 AM - 6:30 PM
61,Devpulse,Taganak,10,9:00 AM - 5:00 PM
62,Rhybox,Binlod,19,11:30 AM - 8:00 PM
63,Wordify,Xiangrong,40,10:00 AM - 6:30 PM
64,Vidoo,Donetsk,37,10:00 AM - 6:30 PM
65,Dabshots,Kostino,13,10:00 AM - 6:30 PM
66,Eayo,Kiihtelysvaara,44,12:00 PM - 9:00 PM
67,Voomm,Uralo-Kavkaz,12,11:30 AM - 8:00 PM
68,Youspan,Dzüyl,43,8:00 AM - 4:30 PM
69,Oyoloo,Bertioga,30,8:00 AM - 4:30 PM
70,Talane,Plumbon,10,8:00 AM - 4:30 PM
71,Meevee,Māmu Kānjan,34,8:00 AM - 4:30 PM
72,Izio,Guogan,44,9:00 AM - 5:00 PM
73,Gabtune,Hīsh,42,11:30 AM - 8:00 PM
74,Cogidoo,Narganá,26,10:00 AM - 6:30 PM
75,Lazz,Napalitan,30,8:00 AM - 4:30 PM
76,Flashspan,Firá,10,10:00 AM - 6:30 PM
77,Linklinks,Wanhu,41,12:00 PM - 9:00 PM
78,Zoozzy,Zdounky,21,9:00 AM - 5:00 PM
79,Wordify,Dasht-e Qal‘ah,43,10:00 AM - 6:30 PM
80,Trilia,Jiworejo,39,9:00 AM - 5:00 PM
81,Skyble,Sumberan,25,8:00 AM - 4:30 PM
82,Trudoo,Heung-hai,16,9:00 AM - 5:00 PM
83,Dabjam,Nueva Loja,23,8:00 AM - 4:30 PM
84,Flashset,Botao,31,10:00 AM - 6:30 PM
85,Skilith,Drien Rampak,37,10:00 AM - 6:30 PM
86,Realcube,Ilembula,19,9:00 AM - 5:00 PM
87,Meemm,Qingsong,46,11:30 AM - 8:00 PM
88,Zoonoodle,Shazhouba,16,9:00 AM - 5:00 PM
89,Snaptags,Balta,15,11:30 AM - 8:00 PM
90,Blognation,Tucumã,50,9:00 AM - 5:00 PM
91,Vipe,Severomorsk,34,10:00 AM - 6:30 PM
92,Twitternation,Qabaqçöl,28,11:30 AM - 8:00 PM
93,Thoughtbeat,Huanggangshan,37,9:00 AM - 5:00 PM
94,Shuffletag,Manyava,27,12:00 PM - 9:00 PM
95,Voonyx,Aleshtar,42,10:00 AM - 6:30 PM
96,Twitterworks,Orvalho,38,12:00 PM - 9:00 PM
97,Vimbo,Ban Chang,31,11:30 AM - 8:00 PM
98,Skiptube,Xincun,33,10:00 AM - 6:30 PM
99,Eare,Saint-Louis du Nord,47,9:00 AM - 5:00 PM
100,Rooxo,Nong Khai,14,8:00 AM - 4:30 PM
101,Twitterworks,Kombapari,22,11:30 AM - 8:00 PM
102,Myworks,Konin,29,9:00 AM - 5:00 PM
103,Oyoyo,Murovanoye,27,12:00 PM - 9:00 PM
104,Topicware,Guajiasi,33,11:30 AM - 8:00 PM
105,Divape,Asquipata,43,11:30 AM - 8:00 PM
106,Buzzdog,Alfonso,45,9:00 AM - 5:00 PM
107,Kwilith,Desa Kertasari,23,9:00 AM - 5:00 PM
108,Jaxbean,Qazax,32,10:00 AM - 6:30 PM
109,Rhybox,Eslöv,32,11:30 AM - 8:00 PM
110,Gigabox,Chaloem Phra Kiat,13,12:00 PM - 9:00 PM
111,Oyoba,Łeba,49,8:00 AM - 4:30 PM
112,Dabvine,Bouillon,18,12:00 PM - 9:00 PM
113,Viva,Otok,31,9:00 AM - 5:00 PM
114,Babbleopia,Sangojar,30,8:00 AM - 4:30 PM
115,Voonder,Elx/Elche,44,11:30 AM - 8:00 PM
116,Gigaclub,Xijiadian,16,8:00 AM - 4:30 PM
117,Riffpedia,Marau,39,8:00 AM - 4:30 PM
118,Vidoo,Chencun,44,11:30 AM - 8:00 PM
119,Yacero,Ðà Lạt,40,9:00 AM - 5:00 PM
120,Skyndu,Manjakandriana,27,12:00 PM - 9:00 PM
121,Roodel,Piedra Blanca,49,9:00 AM - 5:00 PM
122,Wikido,Kerek,43,11:30 AM - 8:00 PM
123,Wordware,Nawá,12,11:30 AM - 8:00 PM
124,Linklinks,Bugana,12,10:00 AM - 6:30 PM
125,Realcube,Moss,38,9:00 AM - 5:00 PM
126,Yakitri,Casilda,42,9:00 AM - 5:00 PM
127,Twimm,Zhucun,41,10:00 AM - 6:30 PM
128,Voonix,Ouidah,23,10:00 AM - 6:30 PM
129,Edgetag,Tuatuka,11,12:00 PM - 9:00 PM
130,Quaxo,Kanáli,17,11:30 AM - 8:00 PM
131,Eabox,Dalan,42,9:00 AM - 5:00 PM
132,Agivu,Oliveirinha,18,10:00 AM - 6:30 PM
133,Innotype,Buerarema,40,10:00 AM - 6:30 PM
134,Tagpad,Nong Khai,17,12:00 PM - 9:00 PM
135,Dablist,Drochia,50,9:00 AM - 5:00 PM
136,Eare,Duyun,17,9:00 AM - 5:00 PM
137,Skalith,Brest,16,8:00 AM - 4:30 PM
138,Eamia,Amalfi,50,11:30 AM - 8:00 PM
139,Flashpoint,Strasbourg,10,8:00 AM - 4:30 PM
140,Dynabox,Hino,15,11:30 AM - 8:00 PM
141,Fanoodle,Zhourui,27,12:00 PM - 9:00 PM
142,Riffwire,Nanggewer,25,11:30 AM - 8:00 PM
143,Yata,Ōnojō,16,11:30 AM - 8:00 PM
144,Avavee,Pontes e Lacerda,10,11:30 AM - 8:00 PM
145,Vimbo,Tongyangdao,27,12:00 PM - 9:00 PM
146,Latz,Chartres,44,12:00 PM - 9:00 PM
147,Youspan,Orsha,49,9:00 AM - 5:00 PM
148,Zava,Krasnoye,48,11:30 AM - 8:00 PM
149,Yodo,Quimper,31,10:00 AM - 6:30 PM
150,Zoonder,Jurm,12,8:00 AM - 4:30 PM
151,Voomm,Lampa,26,10:00 AM - 6:30 PM
152,Buzzster,Mönsterås,50,9:00 AM - 5:00 PM
153,Yozio,Vitina,15,8:00 AM - 4:30 PM
154,Fivechat,Fernando Gutierrez Barrios,12,12:00 PM - 9:00 PM
155,Jaxnation,Cerro de Pasco,17,12:00 PM - 9:00 PM
156,Eabox,Puhja,21,11:30 AM - 8:00 PM
157,Latz,Siasi,11,11:30 AM - 8:00 PM
158,Dabfeed,Aldeia do Bispo,22,9:00 AM - 5:00 PM
159,Thoughtblab,Pittsburgh,30,8:00 AM - 4:30 PM
160,Topicshots,Kalibunder,46,12:00 PM - 9:00 PM
161,Fliptune,Juncheng,48,8:00 AM - 4:30 PM
162,Pixonyx,Nicola Town,18,9:00 AM - 5:00 PM
163,Brightbean,Blagoevgrad,11,11:30 AM - 8:00 PM
164,Twimm,Cicurug,47,12:00 PM - 9:00 PM
165,Kimia,Flen,47,8:00 AM - 4:30 PM
166,Kaymbo,Ciperang,25,9:00 AM - 5:00 PM
167,Cogidoo,Menanga,48,8:00 AM - 4:30 PM
168,Eadel,Budenovetc,21,12:00 PM - 9:00 PM
169,Yata,San Francisco,27,12:00 PM - 9:00 PM
170,Linkbridge,Tayabamba,43,9:00 AM - 5:00 PM
171,Browsecat,Lohayong,20,9:00 AM - 5:00 PM
172,Realbuzz,Huaizhong,35,10:00 AM - 6:30 PM
173,Yombu,Argentan,14,9:00 AM - 5:00 PM
174,Oyope,Xigaoshan,15,11:30 AM - 8:00 PM
175,Eare,Mem Martins,49,11:30 AM - 8:00 PM
176,Feedbug,Saumur,40,8:00 AM - 4:30 PM
177,Skibox,Nice,35,8:00 AM - 4:30 PM
178,Eadel,Yangon,43,9:00 AM - 5:00 PM
179,Riffwire,Canoinhas,39,8:00 AM - 4:30 PM
180,Thoughtbeat,Pirca,44,10:00 AM - 6:30 PM
181,Centizu,Williston,13,12:00 PM - 9:00 PM
182,Kare,Tiniguiban,50,10:00 AM - 6:30 PM
183,Abatz,Shiraoi,37,8:00 AM - 4:30 PM
184,Brainverse,Danirai,37,10:00 AM - 6:30 PM
185,Skimia,Caridade,15,12:00 PM - 9:00 PM
186,Voomm,Romblon,12,10:00 AM - 6:30 PM
187,Flipopia,Požarevac,49,12:00 PM - 9:00 PM
188,Rhycero,Denver,15,9:00 AM - 5:00 PM
189,Divape,San Pedro,23,8:00 AM - 4:30 PM
190,Skinte,Tenjolaya,48,9:00 AM - 5:00 PM
191,Devcast,Yuandianhui,43,10:00 AM - 6:30 PM
192,Meezzy,Talakag,47,12:00 PM - 9:00 PM
193,Pixope,Manisi,14,10:00 AM - 6:30 PM
194,Skinte,Mobile,21,8:00 AM - 4:30 PM
195,Thoughtsphere,Tojeira,48,8:00 AM - 4:30 PM
196,Topicshots,Ajax,38,12:00 PM - 9:00 PM
197,Livetube,North Shore,11,11:30 AM - 8:00 PM
198,Lajo,Žulová,48,8:00 AM - 4:30 PM
199,Ainyx,Mar’’ina Horka,15,9:00 AM - 5:00 PM
200,Centidel,Pu’an,23,11:30 AM - 8:00 PM
201,Latz,Ngaoundéré,50,11:30 AM - 8:00 PM
202,Yakitri,Kinnegad,14,9:00 AM - 5:00 PM
203,Wordpedia,Gorzów Wielkopolski,14,8:00 AM - 4:30 PM
204,Skiba,Dana,22,11:30 AM - 8:00 PM
205,Demivee,Cuamba,45,9:00 AM - 5:00 PM
206,Riffpath,Colinas,37,10:00 AM - 6:30 PM
207,Eadel,Norman Wells,45,9:00 AM - 5:00 PM
208,Oyoba,Raszczyce,46,12:00 PM - 9:00 PM
209,Buzzbean,Vyškov,24,9:00 AM - 5:00 PM
210,Flashpoint,Chingas,35,8:00 AM - 4:30 PM
211,Fanoodle,Jiguan,19,10:00 AM - 6:30 PM
212,Kanoodle,Mondragon,49,9:00 AM - 5:00 PM
213,Jaxspan,Hiratachō,22,8:00 AM - 4:30 PM
214,Skibox,Genova,22,10:00 AM - 6:30 PM
215,Mydo,Greensboro,15,11:30 AM - 8:00 PM
216,Photojam,Bergem,41,8:00 AM - 4:30 PM
217,Topiclounge,Rájec-Jestřebí,12,9:00 AM - 5:00 PM
218,Dazzlesphere,Ciroyom,35,8:00 AM - 4:30 PM
219,Edgeclub,Svecha,11,8:00 AM - 4:30 PM
220,Digitube,Khu Khan,18,12:00 PM - 9:00 PM
221,Cogilith,Ipoh,33,9:00 AM - 5:00 PM
222,Katz,Novki,15,8:00 AM - 4:30 PM
223,Jabbercube,Casa Nova,41,11:30 AM - 8:00 PM
224,Blognation,Thung Yang Daeng,45,10:00 AM - 6:30 PM
225,Flipbug,Tangjin,40,10:00 AM - 6:30 PM
226,Buzzdog,Hexi,47,8:00 AM - 4:30 PM
227,Skajo,Boshi,15,10:00 AM - 6:30 PM
228,Dazzlesphere,Nong Bua Lamphu,11,10:00 AM - 6:30 PM
229,Aivee,Faqqū‘ah,13,8:00 AM - 4:30 PM
230,Skalith,Quetta,23,10:00 AM - 6:30 PM
231,Brainlounge,Kaliro,43,11:30 AM - 8:00 PM
232,Jabbertype,Zambujeira do Mar,47,8:00 AM - 4:30 PM
233,Quire,Nagcarlan,19,11:30 AM - 8:00 PM
234,Browsebug,Eixo,34,12:00 PM - 9:00 PM
235,Latz,Chernoyerkovskaya,30,11:30 AM - 8:00 PM
236,Demivee,El Potrero,32,11:30 AM - 8:00 PM
237,Brainsphere,Örebro,33,9:00 AM - 5:00 PM
238,Shuffledrive,Norzagaray,26,9:00 AM - 5:00 PM
239,Layo,Kotakan Selatan,30,10:00 AM - 6:30 PM
240,Janyx,Xiaoguwei,15,9:00 AM - 5:00 PM
241,Kazio,General Conesa,38,9:00 AM - 5:00 PM
242,Twitterlist,Linköping,25,9:00 AM - 5:00 PM
243,Yambee,Cimahi,18,11:30 AM - 8:00 PM
244,Zoomcast,Ebetsu,12,10:00 AM - 6:30 PM
245,Skiba,Krylovskaya,33,11:30 AM - 8:00 PM
246,Skipfire,Świeradów-Zdrój,12,11:30 AM - 8:00 PM
247,Zooveo,Kujung,22,11:30 AM - 8:00 PM
248,Linkbuzz,Yanglin,15,10:00 AM - 6:30 PM
249,Omba,Garibaldi,23,9:00 AM - 5:00 PM
250,Plajo,Malambo,40,12:00 PM - 9:00 PM
251,Browsetype,Paritaman,13,11:30 AM - 8:00 PM
252,Yodel,Kota Kinabalu,50,10:00 AM - 6:30 PM
253,Kare,El Tránsito,11,9:00 AM - 5:00 PM
254,Snaptags,La Ensenada,13,10:00 AM - 6:30 PM
255,Camido,Luleå,21,11:30 AM - 8:00 PM
256,Katz,Nanjie,17,9:00 AM - 5:00 PM
257,Roombo,Haputale,11,10:00 AM - 6:30 PM
258,Centizu,Ledeč nad Sázavou,18,9:00 AM - 5:00 PM
259,Zoombox,Dąbie,50,12:00 PM - 9:00 PM
260,Browsecat,Tyoply Stan,32,9:00 AM - 5:00 PM
261,Skiptube,Akureyri,11,9:00 AM - 5:00 PM
262,Devbug,Shekou,40,9:00 AM - 5:00 PM
263,Eamia,Jucás,41,11:30 AM - 8:00 PM
264,Snaptags,Yallahs,27,9:00 AM - 5:00 PM
265,Izio,Kuçovë,49,11:30 AM - 8:00 PM
266,Babblestorm,Eshowe,21,9:00 AM - 5:00 PM
267,Vidoo,Malaruhatan,15,9:00 AM - 5:00 PM
268,Yodo,Lovisa,24,12:00 PM - 9:00 PM
269,Zava,Pālang,29,9:00 AM - 5:00 PM
270,Fivebridge,Stronie,14,11:30 AM - 8:00 PM
271,Avamm,Suisan,37,11:30 AM - 8:00 PM
272,Gigazoom,Clodomira,29,9:00 AM - 5:00 PM
273,Yodel,Morazán,41,12:00 PM - 9:00 PM
274,Wikizz,Amiens,37,9:00 AM - 5:00 PM
275,Flashspan,Jadranovo,37,12:00 PM - 9:00 PM
276,Flashset,Dongming Chengguanzhen,22,8:00 AM - 4:30 PM
277,Skinix,Muchkapskiy,34,8:00 AM - 4:30 PM
278,Mymm,Artesianón,39,11:30 AM - 8:00 PM
279,Oozz,El Mida,34,8:00 AM - 4:30 PM
280,Roomm,Sölvesborg,25,12:00 PM - 9:00 PM
281,Zoonder,Werinama,36,9:00 AM - 5:00 PM
282,Topdrive,Tucurú,15,12:00 PM - 9:00 PM
283,Ooba,Hualgayoc,18,11:30 AM - 8:00 PM
284,Twitterbeat,Xinchengpu,37,10:00 AM - 6:30 PM
285,Innotype,Korobitsyno,47,12:00 PM - 9:00 PM
286,Demizz,Yelenendorf,39,10:00 AM - 6:30 PM
287,Brightbean,Shebunino,41,8:00 AM - 4:30 PM
288,Wordify,Vila Nova de Gaia,50,8:00 AM - 4:30 PM
289,Meedoo,Horten,48,12:00 PM - 9:00 PM
290,Kaymbo,Ōmachi,25,10:00 AM - 6:30 PM
291,Divavu,Al Ma‘baţlī,31,12:00 PM - 9:00 PM
292,Digitube,Boden,19,9:00 AM - 5:00 PM
293,Lazz,Agana Heights Village,35,12:00 PM - 9:00 PM
294,Jabberstorm,Eskilstuna,36,9:00 AM - 5:00 PM
295,Cogibox,København,49,10:00 AM - 6:30 PM
296,Jabbertype,Axili,38,9:00 AM - 5:00 PM
297,Latz,Bor,32,10:00 AM - 6:30 PM
298,Tagchat,Talata Mafara,18,10:00 AM - 6:30 PM
299,Rhyloo,Trzciana,26,12:00 PM - 9:00 PM
300,Divavu,Olsztynek,21,8:00 AM - 4:30 PM
301,Quinu,Beitan,19,8:00 AM - 4:30 PM
302,Demizz,Yekaterinovka,10,9:00 AM - 5:00 PM
303,Fiveclub,Jingning Chengguanzhen,38,10:00 AM - 6:30 PM
304,Rhyzio,Kokkónion,45,9:00 AM - 5:00 PM
305,Feedfish,Pulupandan,14,10:00 AM - 6:30 PM
306,Blogtags,Ljupina,38,11:30 AM - 8:00 PM
307,Brainbox,Sumbersarikrajan,45,8:00 AM - 4:30 PM
308,Tekfly,Gongyi,20,8:00 AM - 4:30 PM
309,Fivebridge,Blainville,10,8:00 AM - 4:30 PM
310,Vitz,Ocoyo,20,9:00 AM - 5:00 PM
311,Photobean,Kebonagung,10,11:30 AM - 8:00 PM
312,Gevee,Shuishaping,44,8:00 AM - 4:30 PM
313,Wordware,Ngedhusuba,36,11:30 AM - 8:00 PM
314,Oyonder,Lubuk Sikaping,43,9:00 AM - 5:00 PM
315,Photolist,Aripuanã,50,12:00 PM - 9:00 PM
316,Yodo,Quípama,34,10:00 AM - 6:30 PM
317,Fiveclub,Zherdevka,19,12:00 PM - 9:00 PM
318,Riffpath,Vrangel’,23,9:00 AM - 5:00 PM
319,Wordware,Sintansin,26,10:00 AM - 6:30 PM
320,Devcast,Amphoe Sikhiu,45,8:00 AM - 4:30 PM
321,Tavu,Köping,27,9:00 AM - 5:00 PM
322,Avaveo,Staten Island,28,10:00 AM - 6:30 PM
323,Fivespan,Hongor,22,9:00 AM - 5:00 PM
324,Youopia,São José do Rio Pardo,49,11:30 AM - 8:00 PM
325,Zoonoodle,Holma,11,9:00 AM - 5:00 PM
326,Twimm,Concepción,28,9:00 AM - 5:00 PM
327,Dynabox,Sumeng,48,10:00 AM - 6:30 PM
328,Voonyx,Tong’an,30,8:00 AM - 4:30 PM
329,Skyba,Bhāi Pheru,39,8:00 AM - 4:30 PM
330,Yodoo,Glempang Tengah,18,8:00 AM - 4:30 PM
331,Edgetag,North Shore,38,9:00 AM - 5:00 PM
332,Centidel,Eyvān,38,12:00 PM - 9:00 PM
333,Topicblab,Watthana Nakhon,24,11:30 AM - 8:00 PM
334,Linklinks,Lushikeng,18,8:00 AM - 4:30 PM
335,Zoonder,Fangtian,15,12:00 PM - 9:00 PM
336,Divape,Arsenal,47,11:30 AM - 8:00 PM
337,Kazu,Heting,11,10:00 AM - 6:30 PM
338,Tagtune,Uvarovka,31,11:30 AM - 8:00 PM
339,Yodo,Pinheiral,45,11:30 AM - 8:00 PM
340,Tazzy,Morfovoúni,46,10:00 AM - 6:30 PM
341,Twitternation,Balzar,27,9:00 AM - 5:00 PM
342,Topiclounge,Gualmatán,36,8:00 AM - 4:30 PM
343,Blogtag,Jixiang,23,11:30 AM - 8:00 PM
344,Oyoba,Beizheng,41,9:00 AM - 5:00 PM
345,Twitterbeat,Sędziszów,22,8:00 AM - 4:30 PM
346,Gabspot,Koror,18,10:00 AM - 6:30 PM
347,Bluejam,Selajambe Satu,44,12:00 PM - 9:00 PM
348,InnoZ,Bielice,14,8:00 AM - 4:30 PM
349,Kanoodle,Zvezdara,24,12:00 PM - 9:00 PM
350,Viva,Serra Talhada,48,8:00 AM - 4:30 PM
351,Talane,Předměřice nad Labem,15,8:00 AM - 4:30 PM
352,InnoZ,Kangshan,15,12:00 PM - 9:00 PM
353,Zoonder,Xinglong,21,10:00 AM - 6:30 PM
354,Jamia,Agualva de Cima,26,9:00 AM - 5:00 PM
355,Realcube,Montreuil,14,9:00 AM - 5:00 PM
356,Photolist,Tumcon Ilawod,18,12:00 PM - 9:00 PM
357,Photobug,Sungai Iyu,48,10:00 AM - 6:30 PM
358,Browsezoom,Ampelgading,43,10:00 AM - 6:30 PM
359,Wikizz,Lincha,28,8:00 AM - 4:30 PM
360,Buzzster,Toulon,28,8:00 AM - 4:30 PM
361,Linktype,Imaichi,27,9:00 AM - 5:00 PM
362,Tagtune,Getahovit,27,11:30 AM - 8:00 PM
363,Vinder,Novoaltaysk,32,11:30 AM - 8:00 PM
364,Wordtune,Huwei,50,10:00 AM - 6:30 PM
365,Camido,Planá,19,11:30 AM - 8:00 PM
366,Gabtune,Siguiri,16,12:00 PM - 9:00 PM
367,Kazio,Qikeshu,22,12:00 PM - 9:00 PM
368,Skyba,Budapest,50,12:00 PM - 9:00 PM
369,Eidel,Mnelalete,24,11:30 AM - 8:00 PM
370,Yambee,Solnechnyy,25,9:00 AM - 5:00 PM
371,Skyba,Bollnäs,12,9:00 AM - 5:00 PM
372,Yotz,Bang Len,35,11:30 AM - 8:00 PM
373,Skibox,Qiawan,48,11:30 AM - 8:00 PM
374,Skiba,Fengyan,10,10:00 AM - 6:30 PM
375,DabZ,Kuznechikha,19,9:00 AM - 5:00 PM
376,Lajo,Mosteiro,48,11:30 AM - 8:00 PM
377,Fadeo,Schäffern,19,9:00 AM - 5:00 PM
378,Skiba,Arauca,36,10:00 AM - 6:30 PM
379,Edgetag,Novyye Gorki,15,8:00 AM - 4:30 PM
380,Dynava,Pagsabangan,50,8:00 AM - 4:30 PM
381,Dabtype,Pruszcz Gdański,46,8:00 AM - 4:30 PM
382,Skivee,Severo-Zadonsk,35,9:00 AM - 5:00 PM
383,Tekfly,Yōkaichiba,29,11:30 AM - 8:00 PM
384,Zazio,Zvečan,29,12:00 PM - 9:00 PM
385,Thoughtstorm,Barbacena,32,8:00 AM - 4:30 PM
386,Oba,Ladhewāla Warāich,10,9:00 AM - 5:00 PM
387,Mynte,Songfeng,10,9:00 AM - 5:00 PM
388,Meemm,Kampala,28,11:30 AM - 8:00 PM
389,Lazz,Kafir Yasif,23,12:00 PM - 9:00 PM
390,Kayveo,Stockholm,46,8:00 AM - 4:30 PM
391,Zoomdog,Fantan,17,9:00 AM - 5:00 PM
392,Edgeify,Mrkonjić Grad,49,10:00 AM - 6:30 PM
393,Yoveo,Pasaco,18,12:00 PM - 9:00 PM
394,Divanoodle,Yinglong,33,11:30 AM - 8:00 PM
395,Brightbean,Batulenger Barat,33,10:00 AM - 6:30 PM
396,Brainbox,Honiara,13,12:00 PM - 9:00 PM
397,Rooxo,Sanjiao,26,12:00 PM - 9:00 PM
398,Oozz,Cakran,40,8:00 AM - 4:30 PM
399,Digitube,Bailieborough,12,9:00 AM - 5:00 PM
400,Katz,Shiqiao,30,9:00 AM - 5:00 PM
401,Zoombox,Guataquí,16,8:00 AM - 4:30 PM
402,Edgewire,Tielou,42,11:30 AM - 8:00 PM
403,Flipstorm,Pulian,30,8:00 AM - 4:30 PM
404,Viva,Łyse,12,10:00 AM - 6:30 PM
405,Riffwire,Arroyito,38,11:30 AM - 8:00 PM
406,Fanoodle,Markaz al Marīr,41,9:00 AM - 5:00 PM
407,Edgewire,Bi’r al Ḩufayy,36,10:00 AM - 6:30 PM
408,Twitterlist,Chiduo,21,10:00 AM - 6:30 PM
409,Dabtype,Babakan Baru,43,12:00 PM - 9:00 PM
410,Leexo,New Haven,41,8:00 AM - 4:30 PM
411,Tavu,Nam Sách,26,11:30 AM - 8:00 PM
412,Realfire,Les Abymes,50,10:00 AM - 6:30 PM
413,Pixonyx,Irirum,42,11:30 AM - 8:00 PM
414,Zooxo,Barcelona,11,11:30 AM - 8:00 PM
415,Dablist,Racławice,22,9:00 AM - 5:00 PM
416,Topiczoom,Matungao,46,11:30 AM - 8:00 PM
417,Oyope,Bagalangit,33,8:00 AM - 4:30 PM
418,Zoovu,Taokeng,20,9:00 AM - 5:00 PM
419,Blogtags,Churubamba,25,10:00 AM - 6:30 PM
420,Skinder,Yabluniv,12,12:00 PM - 9:00 PM
421,Tambee,Guzhu,19,9:00 AM - 5:00 PM
422,Browsebug,Évry,37,12:00 PM - 9:00 PM
423,Mita,Bijela,38,9:00 AM - 5:00 PM
424,Eazzy,Minneapolis,34,11:30 AM - 8:00 PM
425,Avamm,Itapecerica da Serra,42,8:00 AM - 4:30 PM
426,Chatterbridge,Januária,23,9:00 AM - 5:00 PM
427,Pixonyx,Léchovo,21,11:30 AM - 8:00 PM
428,Skipfire,Póvoa,29,12:00 PM - 9:00 PM
429,Voonte,Bulu,42,10:00 AM - 6:30 PM
430,Kare,Zhangdan,37,12:00 PM - 9:00 PM
431,Thoughtbridge,Łagów,20,11:30 AM - 8:00 PM
432,Dynava,Ceuta,31,12:00 PM - 9:00 PM
433,Blogtag,Ferrol,27,11:30 AM - 8:00 PM
434,Bluezoom,Zhonghe,49,11:30 AM - 8:00 PM
435,Aibox,Bodega,14,11:30 AM - 8:00 PM
436,Oyoba,Wanglinkou,25,12:00 PM - 9:00 PM
437,Meetz,Saint-Égrève,29,9:00 AM - 5:00 PM
438,Eamia,Maceió,24,8:00 AM - 4:30 PM
439,Eidel,Chicago,25,9:00 AM - 5:00 PM
440,Eamia,Paragominas,35,9:00 AM - 5:00 PM
441,Trudeo,Morangis,16,10:00 AM - 6:30 PM
442,Lazz,Buluangan,19,9:00 AM - 5:00 PM
443,Realbuzz,Simitli,29,10:00 AM - 6:30 PM
444,Jabberstorm,Sangkalputung,35,8:00 AM - 4:30 PM
445,Quimba,Chiba,35,8:00 AM - 4:30 PM
446,Oyoloo,Itagüí,28,9:00 AM - 5:00 PM
447,Jabberbean,Soko,25,11:30 AM - 8:00 PM
448,Leenti,Skiáthos,45,8:00 AM - 4:30 PM
449,Demivee,Joaquín Suárez,46,9:00 AM - 5:00 PM
450,Eare,Nowy Duninów,17,9:00 AM - 5:00 PM
451,Photolist,Passal,40,8:00 AM - 4:30 PM
452,Thoughtstorm,Dongxin,42,10:00 AM - 6:30 PM
453,Wikivu,Ranao,49,12:00 PM - 9:00 PM
454,Voolia,Peña,24,10:00 AM - 6:30 PM
455,Dynazzy,Yongfeng,28,11:30 AM - 8:00 PM
456,Topicblab,Xinwo,15,12:00 PM - 9:00 PM
457,Blogtag,Medicine Hat,20,10:00 AM - 6:30 PM
458,Quinu,Áno Kopanákion,43,10:00 AM - 6:30 PM
459,Brightdog,Iogach,48,11:30 AM - 8:00 PM
460,Viva,Lolayan,20,10:00 AM - 6:30 PM
461,Skipfire,Galtek,17,8:00 AM - 4:30 PM
462,Photospace,Mosar,49,10:00 AM - 6:30 PM
463,Feedspan,Bingerville,29,9:00 AM - 5:00 PM
464,Fivebridge,Jinzao,15,10:00 AM - 6:30 PM
465,Jazzy,Asyūţ,24,8:00 AM - 4:30 PM
466,Kaymbo,Longfeng,24,11:30 AM - 8:00 PM
467,Fivespan,Austin,31,8:00 AM - 4:30 PM
468,BlogXS,Marolambo,46,8:00 AM - 4:30 PM
469,Skyvu,Magrath,19,10:00 AM - 6:30 PM
470,Oyope,Kasserine,24,12:00 PM - 9:00 PM
471,Ainyx,Tonshayevo,31,11:30 AM - 8:00 PM
472,Katz,Brusartsi,41,12:00 PM - 9:00 PM
473,Buzzbean,La Victoria,13,10:00 AM - 6:30 PM
474,Realfire,Buenos Aires,19,12:00 PM - 9:00 PM
475,Oyope,Xianning,37,11:30 AM - 8:00 PM
476,Flashpoint,Mandalgovi,29,9:00 AM - 5:00 PM
477,Skajo,Otterburn Park,10,11:30 AM - 8:00 PM
478,Bluezoom,Quinuabamba,32,12:00 PM - 9:00 PM
479,Browsetype,Cikuya,36,8:00 AM - 4:30 PM
480,Kamba,Maogang,24,12:00 PM - 9:00 PM
481,Zoombox,Kalangan,31,10:00 AM - 6:30 PM
482,Skiptube,Tumba,47,11:30 AM - 8:00 PM
483,Feedspan,Lemahputih,34,9:00 AM - 5:00 PM
484,Topicblab,Buseresere,50,9:00 AM - 5:00 PM
485,Divape,Feondari,47,12:00 PM - 9:00 PM
486,Skynoodle,Akure,47,8:00 AM - 4:30 PM
487,Fivespan,Kwali,50,11:30 AM - 8:00 PM
488,Voonix,Carlos Barbosa,47,12:00 PM - 9:00 PM
489,Avamba,Saint-Paul,33,8:00 AM - 4:30 PM
490,Voonder,Ranao,19,8:00 AM - 4:30 PM
491,Flipopia,Montargis,19,10:00 AM - 6:30 PM
492,Twinte,Tân Việt,49,12:00 PM - 9:00 PM
493,Quamba,Daijiaba,32,12:00 PM - 9:00 PM
494,Fivespan,Kirkland Lake,25,12:00 PM - 9:00 PM
495,Skilith,Pasirpengarayan,10,8:00 AM - 4:30 PM
496,Roombo,San Francisco Zapotitlán,38,10:00 AM - 6:30 PM
497,Demimbu,Nanfeng,39,10:00 AM - 6:30 PM
498,Flashpoint,Borucin,42,10:00 AM - 6:30 PM
499,Divape,Miān Channūn,31,10:00 AM - 6:30 PM
500,Kanoodle,Marseille,19,8:00 AM - 4:30 PM
