ReviewID,DeliveryRating,DishRating,Comment,GuestID,DishID,OrderID
1,1,5,"",328,492,253
2,2,5,"Donec odio justo, sollicitudin ut, suscipit a, feugiat et, eros.",133,100,311
3,1,5,"Vestibulum ante ipsum primis in faucibus orci luctus et ultrices posuere cubilia Curae; Nulla dapibus dolor vel est. Donec odio justo, sollicitudin ut, suscipit a, feugiat et, eros. Vestibulum ac est lacinia nisi venenatis tristique.",276,11,323
4,3,2,"Donec ut mauris eget massa tempor convallis. Nulla neque libero, convallis eget, eleifend luctus, ultricies eu, nibh. Quisque id justo sit amet sapien dignissim vestibulum.",273,337,155
5,4,5,"",186,68,497
6,5,5,"",299,312,267
7,5,2,Vestibulum ante ipsum primis in faucibus orci luctus et ultrices posuere cubilia Curae; Duis faucibus accumsan odio. Curabitur convallis. Duis consequat dui nec nisi volutpat eleifend.,372,76,317
8,5,2,Vestibulum rutrum rutrum neque.,164,34,97
9,5,3,"Fusce congue, diam id ornare imperdiet, sapien urna pretium nisl, ut volutpat sapien arcu sed augue.",241,462,126
10,5,3,"",114,479,154
11,4,5,"",53,252,484
12,3,1,"",102,160,212
13,1,3,"",361,182,307
14,4,1,"Fusce congue, diam id ornare imperdiet, sapien urna pretium nisl, ut volutpat sapien arcu sed augue. Aliquam erat volutpat. In congue.",178,80,397
15,3,1,"Nullam orci pede, venenatis non, sodales sed, tincidunt eu, felis. Fusce posuere felis sed lacus.",283,106,257
16,2,1,Aliquam non mauris. Morbi non lectus. Aliquam sit amet diam in magna bibendum imperdiet.,413,362,205
17,3,4,Etiam pretium iaculis justo. In hac habitasse platea dictumst.,13,329,310
18,5,1,"In hac habitasse platea dictumst. Aliquam augue quam, sollicitudin vitae, consectetuer eget, rutrum at, lorem. Integer tincidunt ante vel ipsum.",87,154,442
19,1,5,"",312,81,134
20,2,4,In eleifend quam a odio. In hac habitasse platea dictumst. Maecenas ut massa quis augue luctus tincidunt.,376,398,367
21,3,1,"",293,475,290
22,4,5,"",432,169,214
23,4,4,"In tempor, turpis nec euismod scelerisque, quam turpis adipiscing lorem, vitae mattis nibh ligula nec sem. Duis aliquam convallis nunc.",204,470,50
24,5,4,"Duis at velit eu est congue elementum. In hac habitasse platea dictumst. Morbi vestibulum, velit id pretium iaculis, diam erat fermentum justo, nec condimentum neque sapien placerat ante.",109,342,108
25,5,4,In congue. Etiam justo.,230,236,228
26,1,5,"",151,265,114
27,1,2,Suspendisse potenti. In eleifend quam a odio. In hac habitasse platea dictumst.,337,181,98
28,2,5,Integer ac neque. Duis bibendum. Morbi non quam nec dui luctus rutrum.,139,418,177
29,4,2,"",14,367,345
30,3,3,Curabitur gravida nisi at nibh. In hac habitasse platea dictumst.,88,478,200
31,4,4,Cras non velit nec nisi vulputate nonummy. Maecenas tincidunt lacus at velit.,80,136,217
32,4,2,"Vivamus metus arcu, adipiscing molestie, hendrerit at, vulputate vitae, nisl.",239,346,262
33,5,1,"",30,134,213
34,5,3,Etiam pretium iaculis justo.,338,430,482
35,2,5,"Fusce congue, diam id ornare imperdiet, sapien urna pretium nisl, ut volutpat sapien arcu sed augue. Aliquam erat volutpat.",86,460,234
36,1,4,"",180,267,163
37,4,2,Integer non velit.,187,75,170
38,1,4,Praesent id massa id nisl venenatis lacinia. Aenean sit amet justo.,49,191,219
39,2,4,"",175,387,185
40,2,1,"Curabitur in libero ut massa volutpat convallis. Morbi odio odio, elementum eu, interdum eu, tincidunt in, leo. Maecenas pulvinar lobortis est.",144,58,286
41,3,1,Maecenas pulvinar lobortis est. Phasellus sit amet erat.,176,210,174
42,4,2,Etiam pretium iaculis justo. In hac habitasse platea dictumst. Etiam faucibus cursus urna.,127,276,159
43,4,5,In eleifend quam a odio. In hac habitasse platea dictumst. Maecenas ut massa quis augue luctus tincidunt.,463,92,447
44,1,1,"Quisque arcu libero, rutrum ac, lobortis vel, dapibus at, diam. Nam tristique tortor eu pede.",229,238,466
45,1,1,Phasellus in felis.,62,296,209
46,4,1,"Proin eu mi. Nulla ac enim. In tempor, turpis nec euismod scelerisque, quam turpis adipiscing lorem, vitae mattis nibh ligula nec sem.",315,177,460
47,3,5,Sed vel enim sit amet nunc viverra dapibus. Nulla suscipit ligula in lacus.,431,380,80
48,4,2,"",65,70,133
49,2,3,"Mauris enim leo, rhoncus sed, vestibulum sit amet, cursus id, turpis. Integer aliquet, massa id lobortis convallis, tortor risus dapibus augue, vel accumsan tellus nisi eu orci.",497,437,427
50,4,3,"",389,254,152
51,4,2,Duis bibendum.,56,126,188
52,5,3,Quisque ut erat.,381,130,215
53,1,2,"Maecenas rhoncus aliquam lacus. Morbi quis tortor id nulla ultrices aliquet. Maecenas leo odio, condimentum id, luctus nec, molestie sed, justo.",292,119,54
54,5,2,Duis aliquam convallis nunc.,321,228,322
55,3,4,"Sed sagittis. Nam congue, risus semper porta volutpat, quam pede lobortis ligula, sit amet eleifend pede libero quis orci. Nullam molestie nibh in lectus.",332,314,418
56,3,5,"",380,352,259
57,3,3,"",475,86,148
58,5,3,"Duis bibendum, felis sed interdum venenatis, turpis enim blandit mi, in porttitor pede justo eu massa. Donec dapibus. Duis at velit eu est congue elementum.",437,56,135
59,3,1,Aliquam erat volutpat.,146,195,77
60,4,4,"In est risus, auctor sed, tristique in, tempus sit amet, sem. Fusce consequat.",100,129,379
61,4,4,Morbi porttitor lorem id ligula. Suspendisse ornare consequat lectus.,459,147,147
62,4,1,"In hac habitasse platea dictumst. Morbi vestibulum, velit id pretium iaculis, diam erat fermentum justo, nec condimentum neque sapien placerat ante.",443,112,301
63,1,2,"",300,402,334
64,1,1,"",155,486,233
65,3,1,"Nam ultrices, libero non mattis pulvinar, nulla pede ullamcorper augue, a suscipit nulla elit ac nulla.",294,268,89
66,4,3,"Donec vitae nisi. Nam ultrices, libero non mattis pulvinar, nulla pede ullamcorper augue, a suscipit nulla elit ac nulla. Sed vel enim sit amet nunc viverra dapibus.",50,212,283
67,1,3,"",317,300,422
68,2,1,"",244,480,146
69,3,4,"Cras in purus eu magna vulputate luctus. Cum sociis natoque penatibus et magnis dis parturient montes, nascetur ridiculus mus. Vivamus vestibulum sagittis sapien.",81,108,26
70,1,3,Pellentesque eget nunc. Donec quis orci eget orci vehicula condimentum.,5,3,414
71,5,4,Nulla ac enim.,379,301,472
72,4,2,Duis consequat dui nec nisi volutpat eleifend. Donec ut dolor.,425,364,446
73,2,5,Aenean lectus. Pellentesque eget nunc.,70,307,348
74,3,2,"",465,50,294
75,4,1,"",58,155,413
76,3,2,"Proin eu mi. Nulla ac enim. In tempor, turpis nec euismod scelerisque, quam turpis adipiscing lorem, vitae mattis nibh ligula nec sem.",90,171,304
77,4,3,"Fusce lacus purus, aliquet at, feugiat non, pretium quis, lectus. Suspendisse potenti. In eleifend quam a odio.",221,406,483
78,3,4,"Pellentesque viverra pede ac diam. Cras pellentesque volutpat dui. Maecenas tristique, est et tempus semper, est quam pharetra magna, ac consequat metus sapien ut nunc.",16,425,417
79,4,2,Donec quis orci eget orci vehicula condimentum. Curabitur in libero ut massa volutpat convallis.,257,456,401
80,5,3,In congue.,363,262,13
81,4,1,"Vestibulum ante ipsum primis in faucibus orci luctus et ultrices posuere cubilia Curae; Nulla dapibus dolor vel est. Donec odio justo, sollicitudin ut, suscipit a, feugiat et, eros. Vestibulum ac est lacinia nisi venenatis tristique.",248,33,129
82,1,4,"",366,138,429
83,5,5,Nulla justo. Aliquam quis turpis eget elit sodales scelerisque.,115,410,198
84,1,5,"Duis bibendum, felis sed interdum venenatis, turpis enim blandit mi, in porttitor pede justo eu massa.",466,25,151
85,3,5,"Phasellus id sapien in sapien iaculis congue. Vivamus metus arcu, adipiscing molestie, hendrerit at, vulputate vitae, nisl. Aenean lectus.",126,409,242
86,2,3,Suspendisse potenti. In eleifend quam a odio. In hac habitasse platea dictumst.,202,125,143
87,5,2,Praesent blandit lacinia erat. Vestibulum sed magna at nunc commodo placerat.,203,214,494
88,5,1,Nam dui.,216,494,351
89,4,2,"Maecenas rhoncus aliquam lacus. Morbi quis tortor id nulla ultrices aliquet. Maecenas leo odio, condimentum id, luctus nec, molestie sed, justo.",392,19,287
90,3,1,Nullam sit amet turpis elementum ligula vehicula consequat. Morbi a ipsum. Integer a nibh.,277,349,157
91,1,5,"Maecenas tristique, est et tempus semper, est quam pharetra magna, ac consequat metus sapien ut nunc.",451,328,458
92,3,1,"",491,1,277
93,4,2,"",147,64,145
94,5,4,"",343,297,246
95,1,4,Praesent blandit.,419,152,449
96,1,5,"",73,186,17
97,1,5,"Morbi sem mauris, laoreet ut, rhoncus aliquet, pulvinar sed, nisl. Nunc rhoncus dui vel sem. Sed sagittis.",158,239,171
98,4,5,Sed accumsan felis.,474,173,297
99,3,1,"",128,357,119
100,5,2,Morbi a ipsum. Integer a nibh. In quis justo.,306,308,271
101,5,1,Aliquam quis turpis eget elit sodales scelerisque. Mauris sit amet eros.,316,358,321
102,2,3,Aenean auctor gravida sem. Praesent id massa id nisl venenatis lacinia. Aenean sit amet justo.,268,446,226
103,1,4,"Nam ultrices, libero non mattis pulvinar, nulla pede ullamcorper augue, a suscipit nulla elit ac nulla.",156,405,113
104,5,4,"",212,374,331
105,2,4,Morbi a ipsum. Integer a nibh. In quis justo.,289,42,125
106,3,1,"",99,423,306
107,1,1,"",472,472,324
108,5,5,Proin eu mi.,237,416,369
109,3,2,"",162,461,328
110,4,5,"Fusce posuere felis sed lacus. Morbi sem mauris, laoreet ut, rhoncus aliquet, pulvinar sed, nisl.",290,259,481
111,5,1,"Quisque erat eros, viverra eget, congue eget, semper rutrum, nulla. Nunc purus. Phasellus in felis.",460,373,23
112,4,4,"",43,439,39
113,3,1,Vestibulum ante ipsum primis in faucibus orci luctus et ultrices posuere cubilia Curae; Duis faucibus accumsan odio. Curabitur convallis. Duis consequat dui nec nisi volutpat eleifend.,179,211,451
114,4,4,"",232,84,168
115,1,4,"",348,29,453
116,3,2,Aenean lectus.,134,452,342
117,3,2,Morbi ut odio.,387,395,84
118,5,3,"",32,408,220
119,1,4,Phasellus sit amet erat. Nulla tempus. Vivamus in felis eu sapien cursus vestibulum.,91,383,238
120,2,5,Donec dapibus.,161,219,463
121,3,1,Nullam sit amet turpis elementum ligula vehicula consequat.,105,412,410
122,4,3,Morbi non quam nec dui luctus rutrum. Nulla tellus. In sagittis dui vel nisl.,24,39,396
123,2,2,"",291,164,115
124,5,3,In sagittis dui vel nisl.,461,5,40
125,5,5,"",198,463,349
126,1,3,Sed ante. Vivamus tortor.,112,279,175
127,4,1,Nunc purus.,19,366,326
128,2,5,"",397,158,123
129,4,1,"",275,30,309
130,5,4,"",339,377,370
131,1,3,Aliquam non mauris.,217,315,303
132,4,1,"Phasellus id sapien in sapien iaculis congue. Vivamus metus arcu, adipiscing molestie, hendrerit at, vulputate vitae, nisl. Aenean lectus.",183,140,285
133,3,3,"",220,190,421
134,3,2,Nulla nisl. Nunc nisl.,75,16,101
135,4,2,Proin eu mi. Nulla ac enim.,15,431,166
136,4,2,"Morbi vestibulum, velit id pretium iaculis, diam erat fermentum justo, nec condimentum neque sapien placerat ante. Nulla justo. Aliquam quis turpis eget elit sodales scelerisque.",374,194,384
137,4,4,"Mauris enim leo, rhoncus sed, vestibulum sit amet, cursus id, turpis. Integer aliquet, massa id lobortis convallis, tortor risus dapibus augue, vel accumsan tellus nisi eu orci. Mauris lacinia sapien quis libero.",409,471,249
138,5,2,In hac habitasse platea dictumst.,449,200,12
139,1,4,Nunc purus. Phasellus in felis.,54,500,356
140,1,1,In hac habitasse platea dictumst.,227,18,381
141,2,2,"Quisque arcu libero, rutrum ac, lobortis vel, dapibus at, diam. Nam tristique tortor eu pede.",101,391,150
142,5,1,"",448,193,124
143,2,5,"",285,179,395
144,2,2,"Integer non velit. Donec diam neque, vestibulum eget, vulputate ut, ultrices vel, augue. Vestibulum ante ipsum primis in faucibus orci luctus et ultrices posuere cubilia Curae; Donec pharetra, magna vestibulum aliquet ultrices, erat tortor sollicitudin mi, sit amet lobortis sapien sapien non mi.",77,260,52
145,3,2,Cras non velit nec nisi vulputate nonummy.,46,120,362
146,2,1,"",479,118,495
147,5,3,"",9,330,86
148,1,2,"",447,253,179
149,1,5,"Cum sociis natoque penatibus et magnis dis parturient montes, nascetur ridiculus mus. Vivamus vestibulum sagittis sapien. Cum sociis natoque penatibus et magnis dis parturient montes, nascetur ridiculus mus.",483,139,244
150,5,1,"Nam dui. Proin leo odio, porttitor id, consequat in, consequat ut, nulla.",22,394,203
151,5,4,Proin risus.,481,407,456
152,1,3,"Morbi ut odio. Cras mi pede, malesuada in, imperdiet et, commodo vulputate, justo.",457,269,14
153,3,5,Duis bibendum. Morbi non quam nec dui luctus rutrum. Nulla tellus.,391,428,318
154,3,3,Nulla ut erat id mauris vulputate elementum. Nullam varius. Nulla facilisi.,135,95,470
155,2,5,"Nullam orci pede, venenatis non, sodales sed, tincidunt eu, felis. Fusce posuere felis sed lacus. Morbi sem mauris, laoreet ut, rhoncus aliquet, pulvinar sed, nisl.",119,248,402
156,4,3,Nullam molestie nibh in lectus. Pellentesque at nulla.,280,230,225
157,2,4,Mauris lacinia sapien quis libero. Nullam sit amet turpis elementum ligula vehicula consequat. Morbi a ipsum.,404,355,29
158,3,4,Nulla tellus.,334,289,426
159,2,3,Vestibulum rutrum rutrum neque.,193,273,139
160,1,1,"In hac habitasse platea dictumst. Morbi vestibulum, velit id pretium iaculis, diam erat fermentum justo, nec condimentum neque sapien placerat ante. Nulla justo.",279,225,479
161,1,2,"Integer aliquet, massa id lobortis convallis, tortor risus dapibus augue, vel accumsan tellus nisi eu orci.",350,21,371
162,1,5,"Quisque porta volutpat erat. Quisque erat eros, viverra eget, congue eget, semper rutrum, nulla. Nunc purus.",40,285,239
163,4,4,"",344,324,376
164,4,4,"Morbi quis tortor id nulla ultrices aliquet. Maecenas leo odio, condimentum id, luctus nec, molestie sed, justo. Pellentesque viverra pede ac diam.",208,327,292
165,1,5,Donec posuere metus vitae ipsum. Aliquam non mauris. Morbi non lectus.,495,466,416
166,2,5,Duis mattis egestas metus.,163,331,409
167,3,5,"",247,6,4
168,4,2,Integer ac neque. Duis bibendum.,3,146,27
169,2,1,"",108,83,420
170,3,3,Pellentesque at nulla. Suspendisse potenti.,420,270,377
171,3,4,"",12,180,173
172,2,3,Morbi a ipsum.,52,103,216
173,1,3,Aenean fermentum.,329,67,158
174,3,5,"",301,202,30
175,4,2,Duis mattis egestas metus. Aenean fermentum. Donec ut mauris eget massa tempor convallis.,270,35,346
176,5,4,"Donec odio justo, sollicitudin ut, suscipit a, feugiat et, eros. Vestibulum ac est lacinia nisi venenatis tristique. Fusce congue, diam id ornare imperdiet, sapien urna pretium nisl, ut volutpat sapien arcu sed augue.",209,48,106
177,5,2,Nulla mollis molestie lorem.,341,124,373
178,5,5,"",484,117,444
179,2,5,"",482,54,448
180,4,1,Phasellus sit amet erat. Nulla tempus. Vivamus in felis eu sapien cursus vestibulum.,206,451,320
181,3,2,Etiam vel augue. Vestibulum rutrum rutrum neque. Aenean auctor gravida sem.,487,468,190
182,5,2,"Fusce congue, diam id ornare imperdiet, sapien urna pretium nisl, ut volutpat sapien arcu sed augue. Aliquam erat volutpat. In congue.",427,32,279
183,2,3,"",346,283,104
184,2,3,"",356,311,374
185,3,3,"Nam ultrices, libero non mattis pulvinar, nulla pede ullamcorper augue, a suscipit nulla elit ac nulla. Sed vel enim sit amet nunc viverra dapibus.",493,176,425
186,1,5,Nam dui.,74,345,452
187,5,2,Quisque id justo sit amet sapien dignissim vestibulum. Vestibulum ante ipsum primis in faucibus orci luctus et ultrices posuere cubilia Curae; Nulla dapibus dolor vel est.,324,424,186
188,2,2,Etiam faucibus cursus urna. Ut tellus. Nulla ut erat id mauris vulputate elementum.,71,36,64
189,3,5,Fusce consequat.,226,208,468
190,2,1,"Duis at velit eu est congue elementum. In hac habitasse platea dictumst. Morbi vestibulum, velit id pretium iaculis, diam erat fermentum justo, nec condimentum neque sapien placerat ante.",231,73,461
191,2,3,"",55,97,438
192,5,3,Maecenas tincidunt lacus at velit. Vivamus vel nulla eget eros elementum pellentesque. Quisque porta volutpat erat.,320,417,36
193,5,1,Aenean auctor gravida sem. Praesent id massa id nisl venenatis lacinia. Aenean sit amet justo.,84,88,364
194,4,3,Curabitur at ipsum ac tellus semper interdum.,288,294,24
195,1,4,Proin interdum mauris non ligula pellentesque ultrices.,254,278,357
196,4,2,"",438,7,266
197,5,2,"Cras in purus eu magna vulputate luctus. Cum sociis natoque penatibus et magnis dis parturient montes, nascetur ridiculus mus.",388,341,500
198,4,5,Aenean auctor gravida sem. Praesent id massa id nisl venenatis lacinia. Aenean sit amet justo.,170,167,457
199,5,5,"Morbi odio odio, elementum eu, interdum eu, tincidunt in, leo.",251,206,33
200,3,1,Morbi quis tortor id nulla ultrices aliquet.,106,489,88
201,5,1,Nulla facilisi.,26,379,65
202,1,5,"",469,99,298
203,1,2,"Nullam orci pede, venenatis non, sodales sed, tincidunt eu, felis. Fusce posuere felis sed lacus.",434,144,180
204,2,4,"",256,369,385
205,2,3,Donec ut mauris eget massa tempor convallis.,421,363,127
206,4,1,Mauris sit amet eros. Suspendisse accumsan tortor quis turpis. Sed ante.,500,145,87
207,5,3,"",318,316,499
208,4,1,"",117,43,335
209,2,4,"",142,488,455
210,4,2,Nunc rhoncus dui vel sem.,4,496,229
211,2,1,"",250,47,332
212,4,3,Integer tincidunt ante vel ipsum. Praesent blandit lacinia erat. Vestibulum sed magna at nunc commodo placerat.,445,157,256
213,4,1,"Vestibulum ac est lacinia nisi venenatis tristique. Fusce congue, diam id ornare imperdiet, sapien urna pretium nisl, ut volutpat sapien arcu sed augue.",129,291,41
214,1,1,"",51,313,79
215,5,5,"",104,436,67
216,2,1,Mauris lacinia sapien quis libero. Nullam sit amet turpis elementum ligula vehicula consequat.,205,449,32
217,2,2,"In tempor, turpis nec euismod scelerisque, quam turpis adipiscing lorem, vitae mattis nibh ligula nec sem. Duis aliquam convallis nunc. Proin at turpis a pede posuere nonummy.",82,220,272
218,5,1,"",111,51,465
219,2,5,"Aliquam augue quam, sollicitudin vitae, consectetuer eget, rutrum at, lorem. Integer tincidunt ante vel ipsum. Praesent blandit lacinia erat.",271,101,412
220,4,3,"",367,264,476
221,1,3,"Duis bibendum, felis sed interdum venenatis, turpis enim blandit mi, in porttitor pede justo eu massa. Donec dapibus.",446,397,265
222,1,2,Vivamus tortor. Duis mattis egestas metus. Aenean fermentum.,305,137,403
223,5,3,Mauris sit amet eros. Suspendisse accumsan tortor quis turpis.,311,235,63
224,1,2,Sed vel enim sit amet nunc viverra dapibus. Nulla suscipit ligula in lacus.,194,79,350
225,4,1,Duis consequat dui nec nisi volutpat eleifend. Donec ut dolor. Morbi vel lectus in quam fringilla rhoncus.,64,375,415
226,1,3,Fusce consequat.,423,128,57
227,4,3,"Cum sociis natoque penatibus et magnis dis parturient montes, nascetur ridiculus mus. Vivamus vestibulum sagittis sapien. Cum sociis natoque penatibus et magnis dis parturient montes, nascetur ridiculus mus.",440,280,165
228,4,1,Morbi porttitor lorem id ligula.,159,459,221
229,4,1,"Aliquam sit amet diam in magna bibendum imperdiet. Nullam orci pede, venenatis non, sodales sed, tincidunt eu, felis.",330,263,172
230,3,2,"",222,353,393
231,3,4,"Donec diam neque, vestibulum eget, vulputate ut, ultrices vel, augue. Vestibulum ante ipsum primis in faucibus orci luctus et ultrices posuere cubilia Curae; Donec pharetra, magna vestibulum aliquet ultrices, erat tortor sollicitudin mi, sit amet lobortis sapien sapien non mi.",211,156,8
232,4,5,Maecenas tincidunt lacus at velit. Vivamus vel nulla eget eros elementum pellentesque.,199,386,471
233,2,1,Nulla tempus. Vivamus in felis eu sapien cursus vestibulum. Proin eu mi.,92,149,107
234,2,5,Vivamus tortor. Duis mattis egestas metus. Aenean fermentum.,473,393,477
235,3,1,"Nulla nisl. Nunc nisl. Duis bibendum, felis sed interdum venenatis, turpis enim blandit mi, in porttitor pede justo eu massa.",252,20,7
236,1,2,"",48,201,120
237,1,3,Nullam varius.,191,115,361
238,1,3,"In sagittis dui vel nisl. Duis ac nibh. Fusce lacus purus, aliquet at, feugiat non, pretium quis, lectus.",310,82,464
239,3,4,Suspendisse potenti.,145,344,258
240,1,1,Morbi a ipsum. Integer a nibh.,137,197,252
241,4,2,"",412,198,419
242,4,4,"",27,318,383
243,1,1,"Donec quis orci eget orci vehicula condimentum. Curabitur in libero ut massa volutpat convallis. Morbi odio odio, elementum eu, interdum eu, tincidunt in, leo.",76,102,196
244,3,3,"Suspendisse potenti. Cras in purus eu magna vulputate luctus. Cum sociis natoque penatibus et magnis dis parturient montes, nascetur ridiculus mus.",454,23,492
245,3,2,Curabitur convallis. Duis consequat dui nec nisi volutpat eleifend.,61,266,6
246,1,2,Cras pellentesque volutpat dui.,219,286,408
247,2,1,Proin risus. Praesent lectus.,166,350,161
248,4,3,"Maecenas rhoncus aliquam lacus. Morbi quis tortor id nulla ultrices aliquet. Maecenas leo odio, condimentum id, luctus nec, molestie sed, justo.",410,52,340
249,4,4,"Cras in purus eu magna vulputate luctus. Cum sociis natoque penatibus et magnis dis parturient montes, nascetur ridiculus mus.",304,381,441
250,1,5,Sed accumsan felis.,417,78,406
251,2,3,"Nam congue, risus semper porta volutpat, quam pede lobortis ligula, sit amet eleifend pede libero quis orci. Nullam molestie nibh in lectus. Pellentesque at nulla.",456,74,191
252,2,2,"Curabitur gravida nisi at nibh. In hac habitasse platea dictumst. Aliquam augue quam, sollicitudin vitae, consectetuer eget, rutrum at, lorem.",174,453,473
253,4,4,Vestibulum sed magna at nunc commodo placerat. Praesent blandit.,138,426,316
254,3,5,Integer a nibh. In quis justo.,143,498,223
255,3,2,"Nam nulla. Integer pede justo, lacinia eget, tincidunt eget, tempus vel, pede. Morbi porttitor lorem id ligula.",124,438,433
256,5,2,"Vestibulum ante ipsum primis in faucibus orci luctus et ultrices posuere cubilia Curae; Donec pharetra, magna vestibulum aliquet ultrices, erat tortor sollicitudin mi, sit amet lobortis sapien sapien non mi. Integer ac neque. Duis bibendum.",2,483,274
257,5,5,"",196,495,269
258,4,5,Nullam molestie nibh in lectus.,110,216,184
259,4,2,"Integer non velit. Donec diam neque, vestibulum eget, vulputate ut, ultrices vel, augue.",103,255,296
260,2,1,"",17,90,1
261,5,5,Donec ut mauris eget massa tempor convallis.,336,107,430
262,2,2,Morbi non lectus.,405,419,330
263,4,2,"Phasellus id sapien in sapien iaculis congue. Vivamus metus arcu, adipiscing molestie, hendrerit at, vulputate vitae, nisl.",243,469,68
264,4,1,"Morbi vel lectus in quam fringilla rhoncus. Mauris enim leo, rhoncus sed, vestibulum sit amet, cursus id, turpis. Integer aliquet, massa id lobortis convallis, tortor risus dapibus augue, vel accumsan tellus nisi eu orci.",98,4,230
265,5,4,Praesent id massa id nisl venenatis lacinia. Aenean sit amet justo. Morbi ut odio.,308,66,75
266,1,4,"Pellentesque ultrices mattis odio. Donec vitae nisi. Nam ultrices, libero non mattis pulvinar, nulla pede ullamcorper augue, a suscipit nulla elit ac nulla.",396,332,91
267,5,3,"",307,389,81
268,3,1,"Lorem ipsum dolor sit amet, consectetuer adipiscing elit. Proin risus.",235,24,204
269,3,4,Sed sagittis.,169,443,20
270,5,2,Vivamus vel nulla eget eros elementum pellentesque.,89,223,237
271,1,2,"",375,292,498
272,5,4,"",25,361,72
273,2,5,"Vestibulum ante ipsum primis in faucibus orci luctus et ultrices posuere cubilia Curae; Nulla dapibus dolor vel est. Donec odio justo, sollicitudin ut, suscipit a, feugiat et, eros. Vestibulum ac est lacinia nisi venenatis tristique.",42,302,49
274,5,1,"Vivamus metus arcu, adipiscing molestie, hendrerit at, vulputate vitae, nisl. Aenean lectus. Pellentesque eget nunc.",136,184,260
275,5,2,Morbi non lectus.,333,287,299
276,4,5,"",383,274,386
277,5,2,"Nam dui. Proin leo odio, porttitor id, consequat in, consequat ut, nulla.",424,240,199
278,4,2,Morbi a ipsum. Integer a nibh.,287,376,388
279,2,2,"Donec diam neque, vestibulum eget, vulputate ut, ultrices vel, augue. Vestibulum ante ipsum primis in faucibus orci luctus et ultrices posuere cubilia Curae; Donec pharetra, magna vestibulum aliquet ultrices, erat tortor sollicitudin mi, sit amet lobortis sapien sapien non mi. Integer ac neque.",377,485,128
280,2,5,"Nulla neque libero, convallis eget, eleifend luctus, ultricies eu, nibh. Quisque id justo sit amet sapien dignissim vestibulum. Vestibulum ante ipsum primis in faucibus orci luctus et ultrices posuere cubilia Curae; Nulla dapibus dolor vel est.",197,320,153
281,1,4,"Lorem ipsum dolor sit amet, consectetuer adipiscing elit. Proin risus.",298,499,232
282,1,5,Pellentesque eget nunc. Donec quis orci eget orci vehicula condimentum.,452,105,291
283,4,3,Suspendisse potenti. In eleifend quam a odio.,355,172,43
284,2,5,"",67,8,131
285,2,5,"",7,258,100
286,3,5,"",467,165,353
287,4,3,"",414,183,194
288,2,1,"Nam ultrices, libero non mattis pulvinar, nulla pede ullamcorper augue, a suscipit nulla elit ac nulla. Sed vel enim sit amet nunc viverra dapibus.",395,175,431
289,4,1,In congue. Etiam justo.,478,434,251
290,5,4,Aliquam non mauris.,223,174,44
291,5,1,"Cras mi pede, malesuada in, imperdiet et, commodo vulputate, justo. In blandit ultrices enim. Lorem ipsum dolor sit amet, consectetuer adipiscing elit.",353,385,222
292,1,3,"",177,109,443
293,4,4,"Vivamus metus arcu, adipiscing molestie, hendrerit at, vulputate vitae, nisl. Aenean lectus. Pellentesque eget nunc.",69,482,19
294,2,2,Maecenas rhoncus aliquam lacus.,37,305,181
295,1,2,Proin interdum mauris non ligula pellentesque ultrices. Phasellus id sapien in sapien iaculis congue.,415,356,58
296,1,5,"Maecenas tristique, est et tempus semper, est quam pharetra magna, ac consequat metus sapien ut nunc.",406,299,434
297,5,3,"Cras mi pede, malesuada in, imperdiet et, commodo vulputate, justo. In blandit ultrices enim.",85,205,116
298,5,2,"",201,399,496
299,1,2,"Cras mi pede, malesuada in, imperdiet et, commodo vulputate, justo.",225,77,169
300,3,4,Mauris ullamcorper purus sit amet nulla.,228,368,284
301,4,2,"",488,432,3
302,3,5,"Quisque id justo sit amet sapien dignissim vestibulum. Vestibulum ante ipsum primis in faucibus orci luctus et ultrices posuere cubilia Curae; Nulla dapibus dolor vel est. Donec odio justo, sollicitudin ut, suscipit a, feugiat et, eros.",378,476,31
303,4,2,Nulla mollis molestie lorem.,38,288,105
304,5,5,"",296,234,83
305,3,3,"Vestibulum quam sapien, varius ut, blandit non, interdum in, ante. Vestibulum ante ipsum primis in faucibus orci luctus et ultrices posuere cubilia Curae; Duis faucibus accumsan odio.",426,162,263
306,4,1,Suspendisse accumsan tortor quis turpis. Sed ante. Vivamus tortor.,172,57,94
307,3,3,Aliquam quis turpis eget elit sodales scelerisque. Mauris sit amet eros. Suspendisse accumsan tortor quis turpis.,44,231,227
308,3,3,Vestibulum ante ipsum primis in faucibus orci luctus et ultrices posuere cubilia Curae; Nulla dapibus dolor vel est.,398,104,407
309,1,5,Pellentesque at nulla.,263,110,167
310,3,3,Nulla tellus. In sagittis dui vel nisl. Duis ac nibh.,116,282,273
311,3,4,In hac habitasse platea dictumst.,149,458,202
312,5,3,"",407,13,485
313,3,2,"",95,322,313
314,5,4,Curabitur convallis. Duis consequat dui nec nisi volutpat eleifend. Donec ut dolor.,154,493,70
315,2,5,"Mauris enim leo, rhoncus sed, vestibulum sit amet, cursus id, turpis. Integer aliquet, massa id lobortis convallis, tortor risus dapibus augue, vel accumsan tellus nisi eu orci.",385,404,255
316,4,4,Integer ac neque. Duis bibendum.,284,94,411
317,4,4,"In hac habitasse platea dictumst. Aliquam augue quam, sollicitudin vitae, consectetuer eget, rutrum at, lorem.",494,163,130
318,5,5,Mauris sit amet eros. Suspendisse accumsan tortor quis turpis.,319,45,34
319,4,2,"",496,340,300
320,2,1,Vestibulum ante ipsum primis in faucibus orci luctus et ultrices posuere cubilia Curae; Mauris viverra diam vitae quam. Suspendisse potenti. Nullam porttitor lacus at turpis.,351,49,53
321,5,5,Maecenas pulvinar lobortis est. Phasellus sit amet erat.,24,390,384
322,5,4,"Vestibulum quam sapien, varius ut, blandit non, interdum in, ante. Vestibulum ante ipsum primis in faucibus orci luctus et ultrices posuere cubilia Curae; Duis faucibus accumsan odio.",202,435,22
323,1,3,Nulla mollis molestie lorem.,158,375,462
324,2,3,Maecenas rhoncus aliquam lacus.,104,263,381
325,5,4,"Nulla neque libero, convallis eget, eleifend luctus, ultricies eu, nibh. Quisque id justo sit amet sapien dignissim vestibulum.",210,91,463
326,5,1,Aliquam erat volutpat.,103,106,37
327,3,4,"Duis at velit eu est congue elementum. In hac habitasse platea dictumst. Morbi vestibulum, velit id pretium iaculis, diam erat fermentum justo, nec condimentum neque sapien placerat ante.",153,300,80
328,2,3,"",256,444,415
329,4,3,"Quisque id justo sit amet sapien dignissim vestibulum. Vestibulum ante ipsum primis in faucibus orci luctus et ultrices posuere cubilia Curae; Nulla dapibus dolor vel est. Donec odio justo, sollicitudin ut, suscipit a, feugiat et, eros.",407,494,309
330,1,1,"Duis at velit eu est congue elementum. In hac habitasse platea dictumst. Morbi vestibulum, velit id pretium iaculis, diam erat fermentum justo, nec condimentum neque sapien placerat ante.",30,291,241
331,4,2,Morbi non quam nec dui luctus rutrum. Nulla tellus. In sagittis dui vel nisl.,250,99,499
332,3,4,Morbi a ipsum. Integer a nibh. In quis justo.,419,393,441
333,5,2,Donec ut dolor.,86,258,72
334,1,2,Nulla justo.,230,197,355
335,2,2,"Cum sociis natoque penatibus et magnis dis parturient montes, nascetur ridiculus mus. Etiam vel augue.",496,202,254
336,5,4,"",118,172,285
337,3,1,Morbi non quam nec dui luctus rutrum.,258,452,405
338,2,5,"",82,272,303
339,4,2,Vestibulum ante ipsum primis in faucibus orci luctus et ultrices posuere cubilia Curae; Mauris viverra diam vitae quam. Suspendisse potenti. Nullam porttitor lacus at turpis.,114,242,171
340,4,1,Phasellus in felis. Donec semper sapien a libero. Nam dui.,443,220,338
341,4,4,"",106,407,73
342,4,1,Pellentesque at nulla. Suspendisse potenti. Cras in purus eu magna vulputate luctus.,25,456,385
343,2,1,"Phasellus id sapien in sapien iaculis congue. Vivamus metus arcu, adipiscing molestie, hendrerit at, vulputate vitae, nisl.",176,411,333
344,5,3,"",52,192,416
345,1,2,Etiam faucibus cursus urna. Ut tellus. Nulla ut erat id mauris vulputate elementum.,238,74,13
346,4,1,"Fusce congue, diam id ornare imperdiet, sapien urna pretium nisl, ut volutpat sapien arcu sed augue. Aliquam erat volutpat.",180,20,227
347,4,5,"Nulla ac enim. In tempor, turpis nec euismod scelerisque, quam turpis adipiscing lorem, vitae mattis nibh ligula nec sem.",37,405,329
348,2,1,Donec posuere metus vitae ipsum.,303,372,447
349,2,4,"",396,62,263
350,3,5,"Praesent lectus. Vestibulum quam sapien, varius ut, blandit non, interdum in, ante. Vestibulum ante ipsum primis in faucibus orci luctus et ultrices posuere cubilia Curae; Duis faucibus accumsan odio.",473,211,281
351,3,4,"",56,198,121
352,3,1,"",489,165,215
353,1,1,Nulla facilisi. Cras non velit nec nisi vulputate nonummy.,311,237,310
354,1,3,"Nam dui. Proin leo odio, porttitor id, consequat in, consequat ut, nulla. Sed accumsan felis.",161,158,314
355,3,3,Phasellus sit amet erat. Nulla tempus. Vivamus in felis eu sapien cursus vestibulum.,212,299,208
356,4,3,"Vestibulum ante ipsum primis in faucibus orci luctus et ultrices posuere cubilia Curae; Donec pharetra, magna vestibulum aliquet ultrices, erat tortor sollicitudin mi, sit amet lobortis sapien sapien non mi. Integer ac neque. Duis bibendum.",351,196,9
357,4,4,Duis consequat dui nec nisi volutpat eleifend. Donec ut dolor.,270,395,132
358,4,3,Aliquam quis turpis eget elit sodales scelerisque.,174,236,17
359,4,3,Fusce consequat.,228,76,88
360,3,4,Nulla justo.,483,379,33
361,4,2,"Morbi quis tortor id nulla ultrices aliquet. Maecenas leo odio, condimentum id, luctus nec, molestie sed, justo.",307,81,328
362,2,2,Proin interdum mauris non ligula pellentesque ultrices. Phasellus id sapien in sapien iaculis congue.,23,451,190
363,4,4,"",71,488,497
364,2,2,"",146,465,56
365,3,3,Nullam molestie nibh in lectus. Pellentesque at nulla.,276,251,450
366,4,2,"Fusce lacus purus, aliquet at, feugiat non, pretium quis, lectus. Suspendisse potenti.",345,55,282
367,2,3,Nulla ut erat id mauris vulputate elementum. Nullam varius.,32,464,67
368,4,2,Aliquam non mauris.,55,183,160
369,2,5,"",289,7,116
370,3,2,Proin eu mi.,478,13,110
371,2,5,"",401,437,353
372,5,2,Nulla ut erat id mauris vulputate elementum. Nullam varius.,271,391,7
373,2,1,In hac habitasse platea dictumst.,211,292,147
374,2,5,"",421,44,291
375,5,3,"Maecenas leo odio, condimentum id, luctus nec, molestie sed, justo.",234,489,248
376,4,4,Proin risus. Praesent lectus.,462,370,166
377,3,4,"",381,314,403
378,4,1,"",373,203,357
379,4,4,Vestibulum rutrum rutrum neque. Aenean auctor gravida sem. Praesent id massa id nisl venenatis lacinia.,76,270,493
380,5,2,Nam dui.,425,262,460
381,4,4,"Morbi odio odio, elementum eu, interdum eu, tincidunt in, leo.",385,277,299
382,1,3,"",460,240,181
383,3,4,"",232,205,152
384,2,2,"",299,398,404
385,2,2,In hac habitasse platea dictumst. Etiam faucibus cursus urna. Ut tellus.,160,181,102
386,4,5,"Donec odio justo, sollicitudin ut, suscipit a, feugiat et, eros. Vestibulum ac est lacinia nisi venenatis tristique. Fusce congue, diam id ornare imperdiet, sapien urna pretium nisl, ut volutpat sapien arcu sed augue.",319,24,262
387,1,2,"Vestibulum ac est lacinia nisi venenatis tristique. Fusce congue, diam id ornare imperdiet, sapien urna pretium nisl, ut volutpat sapien arcu sed augue. Aliquam erat volutpat.",28,122,233
388,1,4,"Cum sociis natoque penatibus et magnis dis parturient montes, nascetur ridiculus mus. Etiam vel augue. Vestibulum rutrum rutrum neque.",191,116,468
389,4,5,Curabitur gravida nisi at nibh. In hac habitasse platea dictumst.,220,371,193
390,2,3,"Cras mi pede, malesuada in, imperdiet et, commodo vulputate, justo. In blandit ultrices enim.",132,70,294
391,4,3,Quisque ut erat. Curabitur gravida nisi at nibh. In hac habitasse platea dictumst.,265,45,187
392,2,3,"Duis ac nibh. Fusce lacus purus, aliquet at, feugiat non, pretium quis, lectus. Suspendisse potenti.",442,214,443
393,1,2,"Duis ac nibh. Fusce lacus purus, aliquet at, feugiat non, pretium quis, lectus.",388,250,100
394,1,2,"",78,231,118
395,1,5,"Morbi vestibulum, velit id pretium iaculis, diam erat fermentum justo, nec condimentum neque sapien placerat ante. Nulla justo. Aliquam quis turpis eget elit sodales scelerisque.",375,114,446
396,1,2,"",157,354,435
397,4,3,In hac habitasse platea dictumst.,97,115,289
398,3,1,Sed ante.,362,15,408
399,4,3,"Morbi sem mauris, laoreet ut, rhoncus aliquet, pulvinar sed, nisl. Nunc rhoncus dui vel sem. Sed sagittis.",471,218,283
400,2,1,Maecenas pulvinar lobortis est.,84,56,422
401,5,1,Sed accumsan felis.,495,193,495
402,2,5,Suspendisse potenti. Cras in purus eu magna vulputate luctus.,320,245,186
403,4,3,"",279,5,421
404,4,3,Donec quis orci eget orci vehicula condimentum.,377,21,163
405,4,3,Etiam faucibus cursus urna. Ut tellus.,12,224,464
406,4,5,"",390,481,234
407,1,4,"Nulla neque libero, convallis eget, eleifend luctus, ultricies eu, nibh. Quisque id justo sit amet sapien dignissim vestibulum.",280,145,86
408,1,1,"",301,60,414
409,5,2,"",317,328,229
410,1,4,Integer ac neque. Duis bibendum.,392,331,45
411,3,2,Integer tincidunt ante vel ipsum. Praesent blandit lacinia erat.,412,80,101
412,5,5,"",213,131,372
413,2,1,Pellentesque viverra pede ac diam.,41,266,87
414,5,2,"",290,252,397
415,2,5,Phasellus sit amet erat.,19,199,467
416,1,5,"",300,2,177
417,1,1,"Vivamus metus arcu, adipiscing molestie, hendrerit at, vulputate vitae, nisl.",121,190,103
418,3,3,Maecenas rhoncus aliquam lacus.,16,68,284
419,1,3,Mauris ullamcorper purus sit amet nulla.,236,257,202
420,1,3,Proin interdum mauris non ligula pellentesque ultrices.,451,493,290
421,1,4,"",335,440,380
422,2,3,"",354,316,407
423,5,4,In blandit ultrices enim.,327,345,410
424,3,1,"Curabitur in libero ut massa volutpat convallis. Morbi odio odio, elementum eu, interdum eu, tincidunt in, leo.",322,475,240
425,1,2,Duis consequat dui nec nisi volutpat eleifend.,370,54,191
426,4,2,Aliquam non mauris. Morbi non lectus. Aliquam sit amet diam in magna bibendum imperdiet.,18,121,179
427,5,2,"Integer pede justo, lacinia eget, tincidunt eget, tempus vel, pede. Morbi porttitor lorem id ligula. Suspendisse ornare consequat lectus.",402,243,305
428,2,2,Maecenas ut massa quis augue luctus tincidunt. Nulla mollis molestie lorem.,366,492,444
429,3,4,Ut at dolor quis odio consequat varius. Integer ac leo.,67,366,348
430,5,1,"",217,352,389
431,5,3,Morbi a ipsum. Integer a nibh. In quis justo.,247,30,167
432,3,1,"",116,82,130
433,2,3,Integer ac neque.,386,342,335
434,5,3,"Morbi vel lectus in quam fringilla rhoncus. Mauris enim leo, rhoncus sed, vestibulum sit amet, cursus id, turpis. Integer aliquet, massa id lobortis convallis, tortor risus dapibus augue, vel accumsan tellus nisi eu orci.",113,438,146
435,4,4,Morbi a ipsum. Integer a nibh.,138,52,374
436,1,1,Curabitur convallis. Duis consequat dui nec nisi volutpat eleifend.,125,244,455
437,4,4,Nulla mollis molestie lorem. Quisque ut erat.,233,10,247
438,1,3,Quisque ut erat.,356,23,96
439,2,1,"Quisque porta volutpat erat. Quisque erat eros, viverra eget, congue eget, semper rutrum, nulla. Nunc purus.",22,415,272
440,2,2,Etiam vel augue. Vestibulum rutrum rutrum neque.,343,14,151
441,4,4,Etiam pretium iaculis justo. In hac habitasse platea dictumst. Etiam faucibus cursus urna.,88,433,62
442,3,5,"Cum sociis natoque penatibus et magnis dis parturient montes, nascetur ridiculus mus. Vivamus vestibulum sagittis sapien.",237,447,482
443,1,2,Maecenas pulvinar lobortis est.,282,367,321
444,1,5,"",109,434,377
445,3,4,"Duis bibendum, felis sed interdum venenatis, turpis enim blandit mi, in porttitor pede justo eu massa. Donec dapibus. Duis at velit eu est congue elementum.",4,394,232
446,5,5,"Maecenas tristique, est et tempus semper, est quam pharetra magna, ac consequat metus sapien ut nunc.",65,303,317
447,5,3,Fusce consequat. Nulla nisl. Nunc nisl.,14,432,123
448,4,1,Proin risus.,371,139,81
449,5,2,Praesent blandit lacinia erat. Vestibulum sed magna at nunc commodo placerat.,468,311,358
450,2,1,Vivamus vel nulla eget eros elementum pellentesque.,344,334,257
451,1,2,"",417,212,429
452,4,2,"",486,350,339
453,5,3,"Proin risus. Praesent lectus. Vestibulum quam sapien, varius ut, blandit non, interdum in, ante.",497,177,89
454,3,3,"",394,46,204
455,5,4,Aliquam non mauris.,164,248,30
456,3,2,Donec vitae nisi.,15,47,471
457,5,4,"",399,307,433
458,1,3,"",441,361,221
459,5,5,Nulla justo.,449,9,440
460,1,3,"Fusce congue, diam id ornare imperdiet, sapien urna pretium nisl, ut volutpat sapien arcu sed augue.",408,249,20
461,5,4,Praesent blandit. Nam nulla.,347,259,475
462,1,2,"Aenean fermentum. Donec ut mauris eget massa tempor convallis. Nulla neque libero, convallis eget, eleifend luctus, ultricies eu, nibh.",58,408,125
463,1,3,"In est risus, auctor sed, tristique in, tempus sit amet, sem. Fusce consequat. Nulla nisl.",150,458,466
464,1,1,"",330,129,369
465,1,4,"",195,124,3
466,5,5,"",26,298,496
467,3,4,"",229,138,279
468,3,5,Morbi non quam nec dui luctus rutrum. Nulla tellus. In sagittis dui vel nisl.,428,446,490
469,5,3,"",246,466,242
470,4,1,Nunc purus. Phasellus in felis. Donec semper sapien a libero.,315,319,365
471,5,4,"Quisque arcu libero, rutrum ac, lobortis vel, dapibus at, diam. Nam tristique tortor eu pede.",62,376,259
472,5,5,Nullam sit amet turpis elementum ligula vehicula consequat. Morbi a ipsum.,379,37,25
473,3,2,Morbi ut odio.,134,134,113
474,3,1,Duis bibendum.,8,312,31
475,2,1,Nunc purus.,437,380,155
476,5,2,"Morbi odio odio, elementum eu, interdum eu, tincidunt in, leo. Maecenas pulvinar lobortis est. Phasellus sit amet erat.",124,486,269
477,1,2,"",262,168,320
478,2,2,Nulla facilisi. Cras non velit nec nisi vulputate nonummy. Maecenas tincidunt lacus at velit.,488,483,326
479,4,3,Fusce consequat.,147,337,395
480,3,5,"Pellentesque viverra pede ac diam. Cras pellentesque volutpat dui. Maecenas tristique, est et tempus semper, est quam pharetra magna, ac consequat metus sapien ut nunc.",266,216,39
481,1,4,Nunc rhoncus dui vel sem.,481,344,93
482,3,3,Sed accumsan felis. Ut at dolor quis odio consequat varius.,409,230,54
483,2,5,"Quisque arcu libero, rutrum ac, lobortis vel, dapibus at, diam.",431,321,245
484,5,4,Aenean lectus. Pellentesque eget nunc.,277,108,470
485,4,4,Duis aliquam convallis nunc. Proin at turpis a pede posuere nonummy. Integer non velit.,47,304,356
486,2,2,Suspendisse potenti. Cras in purus eu magna vulputate luctus.,331,19,265
487,4,4,Vestibulum ante ipsum primis in faucibus orci luctus et ultrices posuere cubilia Curae; Mauris viverra diam vitae quam. Suspendisse potenti. Nullam porttitor lacus at turpis.,99,426,60
488,2,4,"",143,18,360
489,3,3,"Maecenas leo odio, condimentum id, luctus nec, molestie sed, justo. Pellentesque viverra pede ac diam. Cras pellentesque volutpat dui.",207,368,14
490,5,2,"Morbi vel lectus in quam fringilla rhoncus. Mauris enim leo, rhoncus sed, vestibulum sit amet, cursus id, turpis. Integer aliquet, massa id lobortis convallis, tortor risus dapibus augue, vel accumsan tellus nisi eu orci.",177,308,322
491,2,5,"Fusce lacus purus, aliquet at, feugiat non, pretium quis, lectus.",38,155,448
492,2,3,Integer a nibh. In quis justo. Maecenas rhoncus aliquam lacus.,33,500,465
493,3,1,"Nulla neque libero, convallis eget, eleifend luctus, ultricies eu, nibh.",284,318,157
494,5,4,"",429,150,432
495,1,2,"Integer aliquet, massa id lobortis convallis, tortor risus dapibus augue, vel accumsan tellus nisi eu orci. Mauris lacinia sapien quis libero.",365,180,256
496,5,1,"Nam dui. Proin leo odio, porttitor id, consequat in, consequat ut, nulla.",120,355,23
497,5,5,Aenean auctor gravida sem.,156,228,38
498,1,3,"",11,31,428
499,2,4,Maecenas rhoncus aliquam lacus.,40,280,108
500,4,1,Nulla mollis molestie lorem.,414,182,373
